"branch_id","phone_number","company_name"
"1","(902) 128-6154","East Coast Beast Coast"
"2","(709) 120-7726","Old Canada Incorporated"
"3","(902) 128-4960","New Canada Incorporated"
"4","(709) 120-4988","Abc Co."
"5","(709) 712-9680","Atlantic Canada Industries"
"6","(709) 712-7807","East Coast Beast Coast"
"7","(709) 900-1080","Abc Co."
"8","(709) 120-1142","New Canada Incorporated"
"9","(902) 128-1174","Atlantic Canada Industries"
"10","(709) 120-4541","East Coast Beast Coast"
"11","(709) 120-1019","New Canada Incorporated"
"12","(902) 128-8749","Atlantic Canada Industries"
"13","(709) 109-7991","Old Canada Incorporated"
"14","(902) 128-9285","Atlantic Canada Industries"
"15","(902) 128-3632","East Coast Beast Coast"
"16","(709) 109-2077","Atlantic Canada Industries"
"17","(709) 120-1212","Old Canada Incorporated"
"18","(709) 712-3907","Abc Co."
"19","(709) 109-7098","New Canada Incorporated"
"20","(709) 109-2946","Atlantic Canada Industries"
"21","(902) 912-8609","New Canada Incorporated"
"22","(709) 712-9062","New Canada Incorporated"
"23","(902) 912-7684","New Canada Incorporated"
"24","(902) 746-8137","East Coast Beast Coast"
"25","(709) 531-0468","Atlantic Canada Industries"
"26","(902) 128-0569","Abc Co."
"27","(902) 881-1435","Old Canada Incorporated"
"28","(709) 120-1719","Abc Co."
"29","(902) 128-6433","New Canada Incorporated"
"30","(709) 712-7367","New Canada Incorporated"
"31","(709) 551-4251","New Canada Incorporated"
"32","(902) 164-2713","New Canada Incorporated"
"33","(709) 712-8211","New Canada Incorporated"
"34","(902) 746-6612","Abc Co."
"35","(902) 912-0286","East Coast Beast Coast"
"36","(709) 551-9460","New Canada Incorporated"
"37","(709) 109-3908","Abc Co."
"38","(709) 941-9165","New Canada Incorporated"
"39","(902) 528-7737","New Canada Incorporated"
"40","(709) 109-2683","New Canada Incorporated"
"41","(902) 164-2096","Old Canada Incorporated"
"42","(709) 900-6205","Old Canada Incorporated"
"43","(902) 128-4348","New Canada Incorporated"
"44","(902) 881-1115","New Canada Incorporated"
"45","(709) 948-6136","East Coast Beast Coast"
"46","(709) 551-7277","Abc Co."
"47","(902) 128-1262","Old Canada Incorporated"
"48","(902) 128-1783","New Canada Incorporated"
"49","(902) 912-7785","Abc Co."
"50","(902) 128-8887","Old Canada Incorporated"
"51","(902) 912-6145","New Canada Incorporated"
"52","(709) 551-6278","East Coast Beast Coast"
"53","(709) 531-7870","East Coast Beast Coast"
"54","(902) 164-2842","East Coast Beast Coast"
"55","(902) 528-3878","Abc Co."
"56","(902) 164-4000","East Coast Beast Coast"
"57","(709) 551-3125","Old Canada Incorporated"
"58","(902) 881-0706","Abc Co."
"59","(902) 598-7349","Atlantic Canada Industries"
"60","(709) 109-5042","Old Canada Incorporated"
"61","(709) 109-2061","East Coast Beast Coast"
"62","(902) 352-4403","Old Canada Incorporated"
"63","(709) 900-8537","East Coast Beast Coast"
"64","(902) 912-4003","Abc Co."
"65","(902) 420-9107","East Coast Beast Coast"
"66","(709) 948-2918","Old Canada Incorporated"
"67","(709) 900-5490","New Canada Incorporated"
"68","(709) 900-1433","Old Canada Incorporated"
"69","(902) 912-1574","Atlantic Canada Industries"
"70","(902) 420-3631","Old Canada Incorporated"
"71","(709) 190-6999","New Canada Incorporated"
"72","(709) 948-5604","Abc Co."
"73","(709) 120-1786","Abc Co."
"74","(902) 912-7905","Abc Co."
"75","(902) 252-5198","Abc Co."
"76","(709) 712-1036","Abc Co."
"77","(902) 210-8251","Atlantic Canada Industries"
"78","(709) 120-9580","Old Canada Incorporated"
"79","(709) 120-4085","Abc Co."
"80","(902) 806-4515","Atlantic Canada Industries"
"81","(709) 190-3221","Old Canada Incorporated"
"82","(902) 528-8863","Abc Co."
"83","(709) 746-9753","New Canada Incorporated"
"84","(902) 210-4364","East Coast Beast Coast"
"85","(709) 109-3657","Old Canada Incorporated"
"86","(902) 528-5257","Abc Co."
"87","(902) 806-5065","Abc Co."
"88","(902) 210-2280","Abc Co."
"89","(709) 109-7762","Abc Co."
"90","(902) 164-7503","New Canada Incorporated"
"91","(709) 900-0588","Abc Co."
"92","(902) 344-4153","Atlantic Canada Industries"
"93","(709) 712-1086","East Coast Beast Coast"
"94","(902) 598-3327","East Coast Beast Coast"
"95","(709) 109-3477","Old Canada Incorporated"
"96","(709) 548-7714","New Canada Incorporated"
"97","(902) 344-9148","East Coast Beast Coast"
"98","(709) 177-1488","East Coast Beast Coast"
"99","(902) 528-6404","Old Canada Incorporated"
"100","(902) 252-5982","East Coast Beast Coast"
"101","(902) 529-4441","Old Canada Incorporated"
"102","(902) 262-7419","Atlantic Canada Industries"
"103","(709) 746-0900","New Canada Incorporated"
"104","(902) 912-9831","Atlantic Canada Industries"
"105","(709) 948-1983","East Coast Beast Coast"
"106","(902) 598-4557","Old Canada Incorporated"
"107","(709) 551-4679","Atlantic Canada Industries"
"108","(902) 529-4667","Atlantic Canada Industries"
"109","(709) 177-8807","East Coast Beast Coast"
"110","(902) 829-5040","New Canada Incorporated"
"111","(902) 746-7088","Atlantic Canada Industries"
"112","(709) 551-8298","Abc Co."
"113","(902) 262-2006","Old Canada Incorporated"
"114","(709) 941-1616","Atlantic Canada Industries"
"115","(709) 900-3578","Atlantic Canada Industries"
"116","(709) 109-5073","Old Canada Incorporated"
"117","(709) 177-1932","Atlantic Canada Industries"
"118","(902) 746-7486","Abc Co."
"119","(902) 128-3473","New Canada Incorporated"
"120","(709) 900-9180","East Coast Beast Coast"
"121","(902) 746-5227","East Coast Beast Coast"
"122","(709) 863-7917","Old Canada Incorporated"
"123","(902) 215-7371","Atlantic Canada Industries"
"124","(902) 420-2673","Old Canada Incorporated"
"125","(902) 598-4085","Old Canada Incorporated"
"126","(902) 420-4670","New Canada Incorporated"
"127","(709) 863-4460","New Canada Incorporated"
"128","(709) 548-4309","Atlantic Canada Industries"
"129","(709) 278-9827","Abc Co."
"130","(709) 177-6712","Abc Co."
"131","(902) 252-3999","Atlantic Canada Industries"
"132","(709) 551-0210","Atlantic Canada Industries"
"133","(902) 598-2486","East Coast Beast Coast"
"134","(902) 252-8263","Old Canada Incorporated"
"135","(709) 941-9817","East Coast Beast Coast"
"136","(709) 190-5214","New Canada Incorporated"
"137","(709) 831-3433","New Canada Incorporated"
"138","(709) 831-9365","East Coast Beast Coast"
"139","(709) 941-4057","Atlantic Canada Industries"
"140","(902) 912-5437","New Canada Incorporated"
"141","(902) 164-5594","New Canada Incorporated"
"142","(902) 420-0718","Abc Co."
"143","(902) 262-5155","Abc Co."
"144","(902) 829-7203","Old Canada Incorporated"
"145","(902) 210-7454","Old Canada Incorporated"
"146","(902) 598-8888","Abc Co."
"147","(902) 252-9561","Atlantic Canada Industries"
"148","(709) 831-0461","East Coast Beast Coast"
"149","(709) 948-2937","Atlantic Canada Industries"
"150","(902) 770-5382","East Coast Beast Coast"
"151","(902) 746-6326","Atlantic Canada Industries"
"152","(902) 546-5835","Abc Co."
"153","(709) 863-3941","East Coast Beast Coast"
"154","(902) 546-5387","East Coast Beast Coast"
"155","(902) 529-3635","Atlantic Canada Industries"
"156","(709) 941-6437","New Canada Incorporated"
"157","(902) 529-7406","Old Canada Incorporated"
"158","(709) 104-9528","Atlantic Canada Industries"
"159","(902) 529-4814","Atlantic Canada Industries"
"160","(902) 806-4223","Atlantic Canada Industries"
"161","(709) 190-7060","Atlantic Canada Industries"
"162","(902) 829-0709","New Canada Incorporated"
"163","(709) 531-1599","New Canada Incorporated"
"164","(902) 215-5736","East Coast Beast Coast"
"165","(709) 278-4738","New Canada Incorporated"
"166","(709) 120-0307","East Coast Beast Coast"
"167","(709) 177-6052","East Coast Beast Coast"
"168","(709) 746-5475","Abc Co."
"169","(709) 746-5586","Atlantic Canada Industries"
"170","(902) 881-0236","Old Canada Incorporated"
"171","(709) 948-4070","New Canada Incorporated"
"172","(902) 128-7358","Abc Co."
"173","(902) 881-0850","Abc Co."
"174","(709) 746-2969","Old Canada Incorporated"
"175","(902) 528-3013","Abc Co."
"176","(902) 420-1084","Atlantic Canada Industries"
"177","(709) 941-6650","Abc Co."
"178","(902) 344-8840","Abc Co."
"179","(902) 418-2809","Abc Co."
"180","(902) 529-1887","East Coast Beast Coast"
"181","(709) 120-3451","East Coast Beast Coast"
"182","(709) 674-7054","New Canada Incorporated"
"183","(709) 900-4552","New Canada Incorporated"
"184","(709) 863-3766","Old Canada Incorporated"
"185","(902) 223-2483","East Coast Beast Coast"
"186","(709) 104-8472","Abc Co."
"187","(709) 177-9089","East Coast Beast Coast"
"188","(709) 104-6838","Old Canada Incorporated"
"189","(902) 887-4330","Atlantic Canada Industries"
"190","(709) 190-8761","Old Canada Incorporated"
"191","(709) 948-7234","East Coast Beast Coast"
"192","(902) 210-6609","New Canada Incorporated"
"193","(709) 321-2378","East Coast Beast Coast"
"194","(902) 266-8626","Abc Co."
"195","(902) 770-6069","New Canada Incorporated"
"196","(709) 531-5480","Atlantic Canada Industries"
"197","(709) 323-4397","Old Canada Incorporated"
"198","(709) 190-0468","East Coast Beast Coast"
"199","(709) 177-5044","New Canada Incorporated"
"200","(709) 863-3589","Old Canada Incorporated"
"201","(902) 528-2615","New Canada Incorporated"
"202","(709) 863-6011","New Canada Incorporated"
"203","(709) 946-3311","New Canada Incorporated"
"204","(709) 620-7006","Old Canada Incorporated"
"205","(902) 192-0575","Abc Co."
"206","(709) 109-3504","Old Canada Incorporated"
"207","(709) 338-0960","New Canada Incorporated"
"208","(902) 806-4549","Abc Co."
"209","(902) 418-9245","Abc Co."
"210","(902) 192-2456","East Coast Beast Coast"
"211","(709) 190-2925","Abc Co."
"212","(709) 674-8289","Abc Co."
"213","(709) 934-8776","East Coast Beast Coast"
"214","(902) 128-0080","Atlantic Canada Industries"
"215","(709) 746-1147","Abc Co."
"216","(902) 361-8017","New Canada Incorporated"
"217","(709) 941-6320","Old Canada Incorporated"
"218","(709) 180-8523","Abc Co."
"219","(902) 164-7275","Atlantic Canada Industries"
"220","(709) 338-3971","New Canada Incorporated"
"221","(709) 831-0363","Old Canada Incorporated"
"222","(709) 323-0487","New Canada Incorporated"
"223","(709) 109-4838","New Canada Incorporated"
"224","(902) 536-3828","East Coast Beast Coast"
"225","(709) 674-9054","New Canada Incorporated"
"226","(709) 270-1747","East Coast Beast Coast"
"227","(709) 863-6286","Atlantic Canada Industries"
"228","(709) 321-2238","East Coast Beast Coast"
"229","(902) 887-9749","East Coast Beast Coast"
"230","(902) 653-3332","Atlantic Canada Industries"
"231","(709) 746-7672","Atlantic Canada Industries"
"232","(902) 806-2007","East Coast Beast Coast"
"233","(902) 947-5531","New Canada Incorporated"
"234","(709) 948-5570","Abc Co."
"235","(902) 192-9106","New Canada Incorporated"
"236","(709) 120-7420","East Coast Beast Coast"
"237","(902) 947-3394","Atlantic Canada Industries"
"238","(709) 900-7058","East Coast Beast Coast"
"239","(709) 104-3525","New Canada Incorporated"
"240","(902) 210-5884","Atlantic Canada Industries"
"241","(902) 528-6247","Abc Co."
"242","(709) 109-8037","East Coast Beast Coast"
"243","(709) 531-7726","Abc Co."
"244","(902) 650-5450","Abc Co."
"245","(709) 746-6691","New Canada Incorporated"
"246","(902) 361-4102","New Canada Incorporated"
"247","(902) 361-5434","New Canada Incorporated"
"248","(709) 160-7089","New Canada Incorporated"
"249","(902) 896-6124","Abc Co."
"250","(709) 338-9155","East Coast Beast Coast"
"251","(709) 109-2380","New Canada Incorporated"
"252","(902) 660-1186","Old Canada Incorporated"
"253","(902) 192-3774","Atlantic Canada Industries"
"254","(902) 598-8771","New Canada Incorporated"
"255","(902) 210-4201","Old Canada Incorporated"
"256","(902) 215-4415","New Canada Incorporated"
"257","(709) 531-2346","Old Canada Incorporated"
"258","(902) 528-3488","Atlantic Canada Industries"
"259","(709) 793-6333","East Coast Beast Coast"
"260","(902) 947-0803","Atlantic Canada Industries"
"261","(902) 770-6429","Atlantic Canada Industries"
"262","(902) 536-3113","Atlantic Canada Industries"
"263","(902) 653-9487","Old Canada Incorporated"
"264","(902) 777-2682","Abc Co."
"265","(709) 548-1862","East Coast Beast Coast"
"266","(902) 875-8905","Abc Co."
"267","(902) 650-8517","Atlantic Canada Industries"
"268","(902) 164-4636","Atlantic Canada Industries"
"269","(902) 361-9140","East Coast Beast Coast"
"270","(902) 770-3401","Old Canada Incorporated"
"271","(709) 793-1342","Atlantic Canada Industries"
"272","(902) 128-9221","East Coast Beast Coast"
"273","(902) 418-7461","East Coast Beast Coast"
"274","(709) 190-8271","East Coast Beast Coast"
"275","(902) 901-0223","East Coast Beast Coast"
"276","(902) 192-3948","New Canada Incorporated"
"277","(902) 660-2577","Atlantic Canada Industries"
"278","(709) 338-5511","Old Canada Incorporated"
"279","(709) 746-4749","East Coast Beast Coast"
"280","(709) 558-6147","East Coast Beast Coast"
"281","(709) 831-1458","Abc Co."
"282","(709) 551-8180","New Canada Incorporated"
"283","(709) 338-0692","Old Canada Incorporated"
"284","(709) 831-2452","East Coast Beast Coast"
"285","(902) 210-0362","Atlantic Canada Industries"
"286","(902) 164-8700","Old Canada Incorporated"
"287","(709) 394-4579","Old Canada Incorporated"
"288","(902) 252-3726","Old Canada Incorporated"
"289","(902) 271-5347","Old Canada Incorporated"
"290","(709) 323-8271","East Coast Beast Coast"
"291","(902) 683-8635","Old Canada Incorporated"
"292","(709) 177-3185","New Canada Incorporated"
"293","(709) 746-8062","Old Canada Incorporated"
"294","(709) 338-0108","Atlantic Canada Industries"
"295","(709) 161-6646","Abc Co."
"296","(902) 887-4094","New Canada Incorporated"
"297","(902) 947-5652","Atlantic Canada Industries"
"298","(902) 529-9197","New Canada Incorporated"
"299","(902) 164-5926","New Canada Incorporated"
"300","(709) 278-0384","Old Canada Incorporated"
